Workbook

Sheet Crime
A1: City | B1: Violent Crime | C1: Violent Crime Percentile | D1: Murder | E1: Murder Percentile | F1: Robbery | G1: Roberry Percentile | H1: Property Crime | I1: Property Crime Percentile | J1: Burglary | K1: Burglary Percentile | L1: Theft | M1: Theft Percentile | N1: Motor VehicleTheft | O1: Motor VehicleTheft Percentile | P1: Crime Rate Percentile
A2: #VALUE! | B2: 497 | C2: =_xlfn.PERCENTRANK.INC($B$2:$B$33, B2)*100 -> 9.6 | D2: 2.3 | E2: =_xlfn.PERCENTRANK.INC($D$2:$D$33, D2)*100 -> 0 | F2: 35.2 | G2: =_xlfn.PERCENTRANK.INC($F$2:$F$33, F2)*100 -> 0 | H2: 2075.4 | I2: =_xlfn.PERCENTRANK.INC($H$2:$H$33, H2)*100 -> 0 | J2: 624.2 | K2: =_xlfn.PERCENTRANK.INC($J$2:$J$33, J2)*100 -> 19.3 | L2: 1352.2 | M2: =_xlfn.PERCENTRANK.INC($L$2:$L$33, L2)*100 -> 0 | N2: 99.1 | O2: =_xlfn.PERCENTRANK.INC($N$2:$N$33, N2)*100 -> 3.2 | P2: =ROUND(AVERAGE(C2, E2, G2, I2, K2, M2, O2), 1) -> 4.6
A3: #VALUE! | B3: 529.5 | C3: =_xlfn.PERCENTRANK.INC($B$2:$B$33, B3)*100 -> 22.5 | D3: 3.5 | E3: =_xlfn.PERCENTRANK.INC($D$2:$D$33, D3)*100 -> 6.4 | F3: 120.8 | G3: =_xlfn.PERCENTRANK.INC($F$2:$F$33, F3)*100 -> 29 | H3: 2366.8 | I3: =_xlfn.PERCENTRANK.INC($H$2:$H$33, H3)*100 -> 6.4 | J3: 529.4 | K3: =_xlfn.PERCENTRANK.INC($J$2:$J$33, J3)*100 -> 6.4 | L3: 1656.2 | M3: =_xlfn.PERCENTRANK.INC($L$2:$L$33, L3)*100 -> 6.4 | N3: 181.2 | O3: =_xlfn.PERCENTRANK.INC($N$2:$N$33, N3)*100 -> 29 | P3: =ROUND(AVERAGE(C3, E3, G3, I3, K3, M3, O3), 1) -> 15.2
A4: #VALUE! | B4: 495.7 | C4: =_xlfn.PERCENTRANK.INC($B$2:$B$33, B4)*100 -> 6.4 | D4: 5.8 | E4: =_xlfn.PERCENTRANK.INC($D$2:$D$33, D4)*100 -> 25.8 | F4: 173.7 | G4: =_xlfn.PERCENTRANK.INC($F$2:$F$33, F4)*100 -> 80.6 | H4: 2357.7 | I4: =_xlfn.PERCENTRANK.INC($H$2:$H$33, H4)*100 -> 3.2 | J4: 445.9 | K4: =_xlfn.PERCENTRANK.INC($J$2:$J$33, J4)*100 -> 0 | L4: 1480.8 | M4: =_xlfn.PERCENTRANK.INC($L$2:$L$33, L4)*100 -> 3.2 | N4: 431.1 | O4: =_xlfn.PERCENTRANK.INC($N$2:$N$33, N4)*100 -> 74.1 | P4: =ROUND(AVERAGE(C4, E4, G4, I4, K4, M4, O4), 1) -> 27.6
A5: #VALUE! | B5: 612.7 | C5: =_xlfn.PERCENTRANK.INC($B$2:$B$33, B5)*100 -> 54.8 | D5: 5.5 | E5: =_xlfn.PERCENTRANK.INC($D$2:$D$33, D5)*100 -> 19.3 | F5: 128.8 | G5: =_xlfn.PERCENTRANK.INC($F$2:$F$33, F5)*100 -> 45.1 | H5: 2580.2 | I5: =_xlfn.PERCENTRANK.INC($H$2:$H$33, H5)*100 -> 9.6 | J5: 506.7 | K5: =_xlfn.PERCENTRANK.INC($J$2:$J$33, J5)*100 -> 3.2 | L5: 1929.5 | M5: =_xlfn.PERCENTRANK.INC($L$2:$L$33, L5)*100 -> 19.3 | N5: 144 | O5: =_xlfn.PERCENTRANK.INC($N$2:$N$33, N5)*100 -> 12.9 | P5: =ROUND(AVERAGE(C5, E5, G5, I5, K5, M5, O5), 1) -> 23.5
A6: #VALUE! | B6: 409.3 | C6: =_xlfn.PERCENTRANK.INC($B$2:$B$33, B6)*100 -> 0 | D6: 3 | E6: =_xlfn.PERCENTRANK.INC($D$2:$D$33, D6)*100 -> 3.2 | F6: 60.9 | G6: =_xlfn.PERCENTRANK.INC($F$2:$F$33, F6)*100 -> 3.2 | H6: 2838.6 | I6: =_xlfn.PERCENTRANK.INC($H$2:$H$33, H6)*100 -> 16.1 | J6: 744.2 | K6: =_xlfn.PERCENTRANK.INC($J$2:$J$33, J6)*100 -> 51.6 | L6: 2000.8 | M6: =_xlfn.PERCENTRANK.INC($L$2:$L$33, L6)*100 -> 22.5 | N6: 93.6 | O6: =_xlfn.PERCENTRANK.INC($N$2:$N$33, N6)*100 -> 0 | P6: =ROUND(AVERAGE(C6, E6, G6, I6, K6, M6, O6), 1) -> 13.8
A7: #VALUE! | B7: 522.2 | C7: =_xlfn.PERCENTRANK.INC($B$2:$B$33, B7)*100 -> 19.3 | D7: 6.9 | E7: =_xlfn.PERCENTRANK.INC($D$2:$D$33, D7)*100 -> 48.3 | F7: 121 | G7: =_xlfn.PERCENTRANK.INC($F$2:$F$33, F7)*100 -> 32.2 | H7: 2818 | I7: =_xlfn.PERCENTRANK.INC($H$2:$H$33, H7)*100 -> 12.9 | J7: 783.5 | K7: =_xlfn.PERCENTRANK.INC($J$2:$J$33, J7)*100 -> 58 | L7: 1865.8 | M7: =_xlfn.PERCENTRANK.INC($L$2:$L$33, L7)*100 -> 12.9 | N7: 168.7 | O7: =_xlfn.PERCENTRANK.INC($N$2:$N$33, N7)*100 -> 25.8 | P7: =ROUND(AVERAGE(C7, E7, G7, I7, K7, M7, O7), 1) -> 29.9
A8: #VALUE! | B8: 506.7 | C8: =_xlfn.PERCENTRANK.INC($B$2:$B$33, B8)*100 -> 12.9 | D8: 8.9 | E8: =_xlfn.PERCENTRANK.INC($D$2:$D$33, D8)*100 -> 87 | F8: 120.7 | G8: =_xlfn.PERCENTRANK.INC($F$2:$F$33, F8)*100 -> 25.8 | H8: 2941.3 | I8: =_xlfn.PERCENTRANK.INC($H$2:$H$33, H8)*100 -> 22.5 | J8: 630 | K8: =_xlfn.PERCENTRANK.INC($J$2:$J$33, J8)*100 -> 25.8 | L8: 2158.6 | M8: =_xlfn.PERCENTRANK.INC($L$2:$L$33, L8)*100 -> 32.2 | N8: 256.6 | O8: =_xlfn.PERCENTRANK.INC($N$2:$N$33, N8)*100 -> 45.1 | P8: =ROUND(AVERAGE(C8, E8, G8, I8, K8, M8, O8), 1) -> 35.9
A9: #VALUE! | B9: 534.4 | C9: =_xlfn.PERCENTRANK.INC($B$2:$B$33, B9)*100 -> 32.2 | D9: 16.3 | E9: =_xlfn.PERCENTRANK.INC($D$2:$D$33, D9)*100 -> 96.7 | F9: 168 | G9: =_xlfn.PERCENTRANK.INC($F$2:$F$33, F9)*100 -> 74.1 | H9: 3030.2 | I9: =_xlfn.PERCENTRANK.INC($H$2:$H$33, H9)*100 -> 25.8 | J9: 532.2 | K9: =_xlfn.PERCENTRANK.INC($J$2:$J$33, J9)*100 -> 9.6 | L9: 2196.4 | M9: =_xlfn.PERCENTRANK.INC($L$2:$L$33, L9)*100 -> 41.9 | N9: 301.6 | O9: =_xlfn.PERCENTRANK.INC($N$2:$N$33, N9)*100 -> 54.8 | P9: =ROUND(AVERAGE(C9, E9, G9, I9, K9, M9, O9), 1) -> 47.9
A10: #VALUE! | B10: 529.7 | C10: =_xlfn.PERCENTRANK.INC($B$2:$B$33, B10)*100 -> 25.8 | D10: 5.1 | E10: =_xlfn.PERCENTRANK.INC($D$2:$D$33, D10)*100 -> 9.6 | F10: 110.4 | G10: =_xlfn.PERCENTRANK.INC($F$2:$F$33, F10)*100 -> 22.5 | H10: 3105.8 | I10: =_xlfn.PERCENTRANK.INC($H$2:$H$33, H10)*100 -> 35.4 | J10: 728.1 | K10: =_xlfn.PERCENTRANK.INC($J$2:$J$33, J10)*100 -> 48.3 | L10: 2168.4 | M10: =_xlfn.PERCENTRANK.INC($L$2:$L$33, L10)*100 -> 35.4 | N10: 209.2 | O10: =_xlfn.PERCENTRANK.INC($N$2:$N$33, N10)*100 -> 38.7 | P10: =ROUND(AVERAGE(C10, E10, G10, I10, K10, M10, O10), 1) -> 30.8
A11: #VALUE! | B11: 720.2 | C11: =_xlfn.PERCENTRANK.INC($B$2:$B$33, B11)*100 -> 67.7 | D11: 5.2 | E11: =_xlfn.PERCENTRANK.INC($D$2:$D$33, D11)*100 -> 16.1 | F11: 131.1 | G11: =_xlfn.PERCENTRANK.INC($F$2:$F$33, F11)*100 -> 54.8 | H11: 3075.5 | I11: =_xlfn.PERCENTRANK.INC($H$2:$H$33, H11)*100 -> 32.2 | J11: 669.1 | K11: =_xlfn.PERCENTRANK.INC($J$2:$J$33, J11)*100 -> 32.2 | L11: 2286.6 | M11: =_xlfn.PERCENTRANK.INC($L$2:$L$33, L11)*100 -> 51.6 | N11: 119.7 | O11: =_xlfn.PERCENTRANK.INC($N$2:$N$33, N11)*100 -> 6.4 | P11: =ROUND(AVERAGE(C11, E11, G11, I11, K11, M11, O11), 1) -> 37.3
A12: #VALUE! | B12: 901.5 | C12: =_xlfn.PERCENTRANK.INC($B$2:$B$33, B12)*100 -> 90.3 | D12: 19.3 | E12: =_xlfn.PERCENTRANK.INC($D$2:$D$33, D12)*100 -> 100 | F12: 247 | G12: =_xlfn.PERCENTRANK.INC($F$2:$F$33, F12)*100 -> 96.7 | H12: 2935.8 | I12: =_xlfn.PERCENTRANK.INC($H$2:$H$33, H12)*100 -> 19.3 | J12: 700.9 | K12: =_xlfn.PERCENTRANK.INC($J$2:$J$33, J12)*100 -> 38.7 | L12: 1769.3 | M12: =_xlfn.PERCENTRANK.INC($L$2:$L$33, L12)*100 -> 9.6 | N12: 465.7 | O12: =_xlfn.PERCENTRANK.INC($N$2:$N$33, N12)*100 -> 77.4 | P12: =ROUND(AVERAGE(C12, E12, G12, I12, K12, M12, O12), 1) -> 61.7
A13: #VALUE! | B13: 510.1 | C13: =_xlfn.PERCENTRANK.INC($B$2:$B$33, B13)*100 -> 16.1 | D13: 6.6 | E13: =_xlfn.PERCENTRANK.INC($D$2:$D$33, D13)*100 -> 41.9 | F13: 156.8 | G13: =_xlfn.PERCENTRANK.INC($F$2:$F$33, F13)*100 -> 67.7 | H13: 3285.8 | I13: =_xlfn.PERCENTRANK.INC($H$2:$H$33, H13)*100 -> 38.7 | J13: 536.1 | K13: =_xlfn.PERCENTRANK.INC($J$2:$J$33, J13)*100 -> 16.1 | L13: 2470 | M13: =_xlfn.PERCENTRANK.INC($L$2:$L$33, L13)*100 -> 64.5 | N13: 279.7 | O13: =_xlfn.PERCENTRANK.INC($N$2:$N$33, N13)*100 -> 51.6 | P13: =ROUND(AVERAGE(C13, E13, G13, I13, K13, M13, O13), 1) -> 42.4
... A33: #VALUE! | B33: 815 | C33: =_xlfn.PERCENTRANK.INC($B$2:$B$33, B33)*100 -> 80.6 | D33: 8 | E33: =_xlfn.PERCENTRANK.INC($D$2:$D$33, D33)*100 -> 77.4 | F33: 273 | G33: =_xlfn.PERCENTRANK.INC($F$2:$F$33, F33)*100 -> 100 | H33: 5190.6 | I33: =_xlfn.PERCENTRANK.INC($H$2:$H$33, H33)*100 -> 100 | J33: 1392.1 | K33: =_xlfn.PERCENTRANK.INC($J$2:$J$33, J33)*100 -> 100 | L33: 3174.8 | M33: =_xlfn.PERCENTRANK.INC($L$2:$L$33, L33)*100 -> 93.5 | N33: 623.7 | O33: =_xlfn.PERCENTRANK.INC($N$2:$N$33, N33)*100 -> 93.5 | P33: =ROUND(AVERAGE(C33, E33, G33, I33, K33, M33, O33), 1) -> 92.1

Sheet Colleges
A1: UID | B1: Rank | C1: University | D1: City | E1: Courses | F1: Academic Score | G1: Staff/Teacher Ratio | H1: Citation Index | I1: NPCURL
A2: 10023 | B2: 5 | C2: Cornell University | D2: #VALUE! | E2: IT,Management | F2: 7 | G2: 8 | H2: 5 | I2: galileo.aamu.edu/netpricecalculator/npcalc.htm
A3: 10034 | B3: 6 | C3: University of Washington | D3: #VALUE! | E3: IT | F3: 9 | G3: 8 | H3: 9 | I3: www.collegeportraits.org/AL/UAB/estimator/agree
A4: 10294 | B4: 7 | C4: Columbia University in the City of New York | D4: #VALUE! | E4: Management | F4: 6 | G4: 7 | H4: 7 | I4: tcc.noellevitz.com/(S(miwoihs5stz5cpyifh4nczu0))/Amridge%20University/Freshman-Students
A5: 10388 | B5: 10 | C5: University of Minnesota-Twin Cities | D5: #VALUE! | E5: Medical | F5: 5 | G5: 6 | H5: 7 | I5: finaid.uah.edu/
A6: 10524 | B6: 12 | C6: University of Pennsylvania | D6: #VALUE! | E6: Architecture | F6: 6 | G6: 4 | H6: 6 | I6: www.alasu.edu/cost-aid/forms/calculator/index.aspx/
A7: 10659 | B7: 13 | C7: University of California, Los Angeles | D7: #VALUE! | E7: Architecture,Arts,IT | F7: 4 | G7: 5 | I7: oira.ua.edu
A8: 10795 | B8: 14 | C8: Yale University | D8: #VALUE! | E8: Management | F8: 4 | G8: 7 | H8: -4 | I8: www.cacc.edu/graphics/netpricecalculator/npcalc.htm
A9: 10930 | B9: 16 | C9: University of Wisconsin-Madison | D9: #VALUE! | E9: Management | F9: 4 | G9: -6 | H9: 0 | I9: 24.athens.edu/apex/prod8/f?p=174:1:3941357449598491
A10: 11066 | B10: 18 | C10: New York University | D10: #VALUE! | E10: IT,Medical,Arts | F10: 4 | G10: 7 | H10: 9 | I10: www.aum.edu/admissions/financial-information/price-estimator-calculator
A11: 11201 | B11: 19 | C11: Princeton University | D11: #VALUE! | E11: Medical | F11: 9 | G11: 7 | H11: 9 | I11: www.auburn.edu/admissions/money-matters.html
A12: 11337 | B12: 20 | C12: University of Southern California | D12: #VALUE! | E12: IT,Medical,Arts | F12: 6 | G12: -6 | H12: 7 | I12: www.bsc.edu/fp/np-calculator.cfm
A13: 11472 | B13: 22 | C13: Carnegie Mellon University | D13: #VALUE! | E13: Architecture | F13: 5 | G13: 6 | I13: external.cv.edu/npc/npcalc.htm
A14: 11608 | B14: 23 | C14: Michigan State University | D14: #VALUE! | E14: 0 | F14: 6 | G14: 6 | H14: 8 | I14: www.ccal.edu/netprice/netprice/
A15: 11743 | B15: 24 | C15: University of California, San Diego | D15: #VALUE! | E15: IT | F15: 4 | G15: 6 | H15: 8 | I15: tcc.noellevitz.com/edmc/Transfer-Students?iframe=true&width=600&height=1000
A16: 11879 | B16: 26 | C16: University of Florida | D16: #VALUE! | E16: Architecture | F16: 8 | G16: -7 | H16: 5 | I16: www.escc.edu/NetPrice/npcalc.htm
A17: 12014 | B17: 29 | C17: University of California, Irvine | D17: #VALUE! | E17: IT | F17: 8 | G17: 5 | H17: -7 | I17: www.faulknerstate.edu
A18: 12285 | B18: 31 | C18: Duke University | D18: #VALUE! | E18: Electronics,IT,Biomedical | F18: 9 | G18: 9 | H18: 9 | I18: www.gadsdenstate.edu/netpricecalculator/
A19: 12827 | B19: 42 | C19: North Carolina State University | D19: #VALUE! | E19: IT,Management | F19: 8 | G19: -7 | H19: 5 | I19: www.wccs.edu/index.php?page=npc.html
A20: 12421 | B20: 34 | C20: Northwestern University | D20: #VALUE! | E20: 0 | F20: 6 | G20: 8 | H20: 7 | I20: www.nbccosmetology.com/npcalc.htm
A21: 12556 | B21: 36 | C21: Rutgers, The State University of New Jersey | D21: #VALUE! | E21: Arts | F21: 6 | G21: 6 | H21: 8 | I21: www.wallace.edu/net_price_calculator.aspx
A22: 12692 | B22: 40 | C22: The University of Utah | D22: #VALUE! | F22: 4 | G22: 6 | H22: 8 | I22: www.wallacestate.edu/Financial-Aid/Net-Price-Calculator/index
A23: 84321 | B23: 1083 | C23: Rosalind Franklin University of Medicine and Science | D23: #VALUE! | E23: IT,Architecture | I23: www.faulkner.edu/netprice/
A24: 12963 | B24: 43 | C24: University of Pittsburgh | D24: #VALUE! | E24: Medical,Architecture | F24: 8 | G24: 5 | H24: -7 | I24: www.herzing.edu/financial-aid/net-price-calculator
A25: 13098 | B25: 46 | C25: California Institute of Technology | D25: #VALUE! | E25: 0 | I25: hawk.huntingdon.edu/oiac/netpricecalculator/npcalc.htm
A26: 13234 | B26: 47 | C26: University of California, Santa Barbara | D26: #VALUE! | E26: 0 | I26: www.hcu.edu/share/news/npcalc.htm
A27: 13369 | B27: 49 | C27: University of Nebraska-Lincoln | D27: #VALUE! | E27: 0 | I27: www.drakestate.edu/admissions/net_price_calculator.aspx
A28: 13505 | B28: 51 | C28: Tufts University | D28: #VALUE! | E28: 0 | I28: www.jsu.edu/finaid/
A29: 13640 | B29: 53 | C29: University of Oregon | D29: #VALUE! | E29: 0 | I29: www.jdcc.edu/netpricecalculator/
A30: 13776 | B30: 57 | C30: Brigham Young University | D30: #VALUE! | E30: 0 | I30: www.jeffstateonline.com/financial/tuition/net-price-calculator/
A31: 13911 | B31: 61 | C31: University of Iowa | D31: #VALUE! | E31: 0 | I31: calhoun.studentaidcalculator.com/
A32: 14047 | B32: 62 | C32: Washington State University | D32: #VALUE! | E32: 0 | I32: www.judson.edu

Sheet Results
A1: Rank | B1: University | C1: City | D1: Courses | E1: Crime Rate Percentile
A2: 31 | B2: Duke University | C2: #VALUE! | D2: Electronics,IT,Biomedical | E2: =_xlfn.XLOOKUP(C2, Crime!A:A, Crime!P:P) -> 23.5
A3: 29 | B3: University of California, Irvine | C3: #VALUE! | D3: IT | E3: =_xlfn.XLOOKUP(C3, Crime!A:A, Crime!P:P) -> 47
A4: 42 | B4: North Carolina State University | C4: #VALUE! | D4: IT,Management | E4: =_xlfn.XLOOKUP(C4, Crime!A:A, Crime!P:P) -> 61.7
A5: 13 | B5: University of California, Los Angeles | C5: #VALUE! | D5: Architecture,Arts,IT | E5: =_xlfn.XLOOKUP(C5, Crime!A:A, Crime!P:P) -> 66.8
A6: 20 | B6: University of Southern California | C6: #VALUE! | D6: IT,Medical,Arts | E6: =_xlfn.XLOOKUP(C6, Crime!A:A, Crime!P:P) -> 66.8
A7: 24 | B7: University of California, San Diego | C7: #VALUE! | D7: IT | E7: =_xlfn.XLOOKUP(C7, Crime!A:A, Crime!P:P) -> 66.8
A8: 6 | B8: University of Washington | C8: #VALUE! | D8: IT | E8: =_xlfn.XLOOKUP(C8, Crime!A:A, Crime!P:P) -> 75.1
A9: 5 | B9: Cornell University | C9: #VALUE! | D9: IT,Management | E9: =_xlfn.XLOOKUP(C9, Crime!A:A, Crime!P:P) -> 77.4
A10: 18 | B10: New York University | C10: #VALUE! | D10: IT,Medical,Arts | E10: =_xlfn.XLOOKUP(C10, Crime!A:A, Crime!P:P) -> 83.8
A11: 1083 | B11: Rosalind Franklin University of Medicine and Science | C11: #VALUE! | D11: IT,Architecture | E11: =_xlfn.XLOOKUP(C11, Crime!A:A, Crime!P:P) -> 92.1
